{"cameraMode":{"drawMode":0,"name":"Shaded","section":"Shading Mode"},"sceneLighting":true,"audioPlay":false,"sceneViewState":{"m_AlwaysRefresh":false,"showFog":true,"showSkybox":true,"showFlares":true,"showImageEffects":true,"showParticleSystems":true,"showVisualEffectGraphs":true,"m_FxEnabled":true},"in2DMode":false,"pivot":{"x":0.10856412351131439,"y":3.6237666606903078,"z":-5.413620948791504},"rotation":{"x":0.18728522956371308,"y":-0.0000012755549505527597,"z":-0.0000015764678664709209,"w":0.982300341129303},"size":0.053914908319711688,"orthographic":false}