{"cameraMode":{"drawMode":0,"name":"Shaded","section":"Shading Mode"},"sceneLighting":false,"audioPlay":false,"sceneViewState":{"m_AlwaysRefresh":false,"showFog":false,"showSkybox":false,"showFlares":false,"showImageEffects":false,"showParticleSystems":false,"showVisualEffectGraphs":true,"m_FxEnabled":true},"in2DMode":false,"pivot":{"x":0.07833340764045716,"y":1.211276888847351,"z":-0.4567345082759857},"rotation":{"x":-0.00281187379732728,"y":0.9954306483268738,"z":-0.09014292806386948,"w":-0.031066708266735078},"size":1.3098678588867188,"orthographic":false}